<?xml version="1.0" encoding="UTF-8"?>
<con:soapui-project id="02f68211-5d1b-41d1-982f-ced9a095307b" activeEnvironment="Default" name="fortune-cookie-product-service" resourceRoot="${projectDir}" soapui-version="5.3.0" abortOnError="false" runType="SEQUENTIAL" xmlns:con="http://eviware.com/soapui/config"><con:settings><con:setting id="com.eviware.soapui.impl.wsdl.actions.iface.tools.soapui.LoadTestRunnerAction@values-local"><![CDATA[<xml-fragment xmlns:con="http://eviware.com/soapui/config">
  <con:entry key="Environment" value="Default"/>
  <con:entry key="Global Properties" value=""/>
  <con:entry key="TestSuite" value="http://localhost:8083 TestSuite"/>
  <con:entry key="Report to Generate" value=""/>
  <con:entry key="Password" value=""/>
  <con:entry key="TestRunner Path" value="/home/mmueller/SoapUI-5.3.0/bin"/>
  <con:entry key="Tool Args" value=""/>
  <con:entry key="LoadTest" value="&lt;all>"/>
  <con:entry key="Host:Port" value=""/>
  <con:entry key="user-settings.xml Password" value=""/>
  <con:entry key="WSS Password Type" value=""/>
  <con:entry key="Save Project" value="false"/>
  <con:entry key="System Properties" value=""/>
  <con:entry key="Domain" value=""/>
  <con:entry key="Open Report" value="false"/>
  <con:entry key="Project Properties" value=""/>
  <con:entry key="Print Report Statistics" value="false"/>
  <con:entry key="Project Password" value=""/>
  <con:entry key="Report Format(s)" value=""/>
  <con:entry key="TestCase" value="TestCase"/>
  <con:entry key="Username" value=""/>
  <con:entry key="Root Folder" value=""/>
  <con:entry key="Add Settings" value="false"/>
  <con:entry key="Save After" value="false"/>
  <con:entry key="Endpoint" value="http://localhost:8083"/>
  <con:entry key="ThreadCount" value="10"/>
  <con:entry key="Limit" value="150"/>
</xml-fragment>]]></con:setting></con:settings><con:interface xsi:type="con:RestService" id="3353234d-94ef-44df-870d-108c5aeee647" wadlVersion="http://wadl.dev.java.net/2009/02" name="http://localhost:8083" type="rest" xmlns:xsi="http://www.w3.org/2001/XMLSchema-instance"><con:settings/><con:definitionCache type="TEXT" rootPart=""/><con:endpoints><con:endpoint>http://localhost:8083</con:endpoint></con:endpoints><con:resource name="" path="/product/fortuneCookieList" id="22886ccb-0e4e-4a51-8b84-e2b614fbf693"><con:settings/><con:parameters/><con:method name="GET /product/fortuneCookieList" id="aa9300ad-4ff3-411a-a0ec-9f772d7629bd" method="GET"><con:settings/><con:parameters/><con:representation type="RESPONSE"><con:mediaType>application/json;charset=UTF-8</con:mediaType><con:status>200</con:status><con:params/><con:element>Response</con:element></con:representation><con:request name="GET /product/fortuneCookieList" id="fb9a02ab-9b8f-4933-8beb-d8b292196857" mediaType="application/json"><con:settings><con:setting id="com.eviware.soapui.impl.wsdl.WsdlRequest@request-headers">&lt;xml-fragment/></con:setting></con:settings><con:endpoint>http://localhost:8083</con:endpoint><con:request/><con:originalUri>http://localhost/product/fortuneCookieList</con:originalUri><con:credentials><con:authType>No Authorization</con:authType></con:credentials><con:jmsConfig JMSDeliveryMode="PERSISTENT"/><con:jmsPropertyConfig/><con:parameters/></con:request></con:method></con:resource></con:interface><con:testSuite id="0538e69b-cdbd-43c4-8c9e-faf17e37605b" name="http://localhost:8083 TestSuite"><con:description>TestSuite generated for REST Service [http://localhost:8083]</con:description><con:settings/><con:runType>SEQUENTIAL</con:runType><con:testCase id="a16e16aa-4a85-433e-a2dd-1066726b4b0a" failOnError="true" failTestCaseOnErrors="true" keepSession="false" maxResults="0" name="TestCase" searchProperties="true"><con:description>TestCase generated for REST Resource [] located at [/product/fortuneCookieList]</con:description><con:settings/><con:testStep type="restrequest" name="GET /product/fortuneCookieList" id="ffd0fce9-5be7-41cc-bf4d-f77c9a5c16f3"><con:settings/><con:config service="http://localhost:8083" resourcePath="/product/fortuneCookieList" methodName="GET /product/fortuneCookieList" xsi:type="con:RestRequestStep" xmlns:xsi="http://www.w3.org/2001/XMLSchema-instance"><con:restRequest name="GET /product/fortuneCookieList" id="fb9a02ab-9b8f-4933-8beb-d8b292196857" mediaType="application/json"><con:settings><con:setting id="com.eviware.soapui.impl.wsdl.WsdlRequest@request-headers">&lt;xml-fragment/></con:setting></con:settings><con:endpoint>http://localhost:8083</con:endpoint><con:request/><con:originalUri>http://localhost/product/fortuneCookieList</con:originalUri><con:credentials><con:authType>No Authorization</con:authType></con:credentials><con:jmsConfig JMSDeliveryMode="PERSISTENT"/><con:jmsPropertyConfig/><con:parameters/></con:restRequest></con:config></con:testStep><con:loadTest id="d94c0de7-1f38-4484-b714-57f1e73963d1" name="LoadTest /product/fortuneCookieList"><con:settings><con:setting id="HttpSettings@close-connections">false</con:setting></con:settings><con:threadCount>15</con:threadCount><con:startDelay>0</con:startDelay><con:sampleInterval>250</con:sampleInterval><con:calculateTPSOnTimePassed>true</con:calculateTPSOnTimePassed><con:resetStatisticsOnThreadCountChange>true</con:resetStatisticsOnThreadCountChange><con:historyLimit>-1</con:historyLimit><con:testLimit>60</con:testLimit><con:limitType>TIME</con:limitType><con:loadStrategy><con:type>Simple</con:type></con:loadStrategy><con:assertion type="Step Status" name="Step Status"/><con:maxAssertionErrors>100</con:maxAssertionErrors><con:cancelExcessiveThreads>true</con:cancelExcessiveThreads><con:strategyInterval>500</con:strategyInterval></con:loadTest><con:properties/></con:testCase><con:properties/></con:testSuite><con:properties/><con:wssContainer/><con:oAuth2ProfileContainer/><con:oAuth1ProfileContainer/><con:sensitiveInformation/></con:soapui-project>